{
  "baseName": "hub",
  "pathTemplate": "../template/hub",
  "pathTarget": "../servers",
  "startFileName": "spigot-1.12.2.jar",
  "additionalStartArgs": "-Xmx200M",
  "isBatchFile": false,
  "isShellFile": false,
  "isJarFile": true,
  "server.properties": {
    "editServerIP": false,
    "editServerPort": true,
    "editServerName": true,
    "editMaxPlayers": true,
    "maxPlayers": 50.0
  },
  "config.yml": {
    "editMaxPlayers": true,
    "maxPlayers": 500.0,
    "transformToLocalhostIfPossible": true,
    "priorities": {
      "editPriorities": true,
      "forceOnTemplate": "hub",
      "sortType": "FIND_MOST_POPULATED"
    }
  },
  "keepLogs": true,
  "isPersistent": false
}